-- MySQL dump 10.13  Distrib 5.5.53, for debian-linux-gnu (x86_64)
--
-- Host: localhost    Database: grad_proj
-- ------------------------------------------------------
-- Server version	5.5.53-0ubuntu0.14.04.1

/*!40101 SET @OLD_CHARACTER_SET_CLIENT=@@CHARACTER_SET_CLIENT */;
/*!40101 SET @OLD_CHARACTER_SET_RESULTS=@@CHARACTER_SET_RESULTS */;
/*!40101 SET @OLD_COLLATION_CONNECTION=@@COLLATION_CONNECTION */;
/*!40101 SET NAMES utf8 */;
/*!40103 SET @OLD_TIME_ZONE=@@TIME_ZONE */;
/*!40103 SET TIME_ZONE='+00:00' */;
/*!40014 SET @OLD_UNIQUE_CHECKS=@@UNIQUE_CHECKS, UNIQUE_CHECKS=0 */;
/*!40014 SET @OLD_FOREIGN_KEY_CHECKS=@@FOREIGN_KEY_CHECKS, FOREIGN_KEY_CHECKS=0 */;
/*!40101 SET @OLD_SQL_MODE=@@SQL_MODE, SQL_MODE='NO_AUTO_VALUE_ON_ZERO' */;
/*!40111 SET @OLD_SQL_NOTES=@@SQL_NOTES, SQL_NOTES=0 */;

--
-- Table structure for table `admins`
--

DROP TABLE IF EXISTS `admins`;
/*!40101 SET @saved_cs_client     = @@character_set_client */;
/*!40101 SET character_set_client = utf8 */;
CREATE TABLE `admins` (
  `admin_id` int(11) NOT NULL AUTO_INCREMENT,
  `first_name` varchar(30) DEFAULT NULL,
  `last_name` varchar(50) DEFAULT NULL,
  `email` varchar(50) DEFAULT NULL,
  PRIMARY KEY (`admin_id`)
) ENGINE=InnoDB AUTO_INCREMENT=2 DEFAULT CHARSET=latin1;
/*!40101 SET character_set_client = @saved_cs_client */;

--
-- Dumping data for table `admins`
--

LOCK TABLES `admins` WRITE;
/*!40000 ALTER TABLE `admins` DISABLE KEYS */;
INSERT INTO `admins` VALUES (1,'admin','admin','admin@domain2.com');
/*!40000 ALTER TABLE `admins` ENABLE KEYS */;
UNLOCK TABLES;

--
-- Table structure for table `class`
--

DROP TABLE IF EXISTS `class`;
/*!40101 SET @saved_cs_client     = @@character_set_client */;
/*!40101 SET character_set_client = utf8 */;
CREATE TABLE `class` (
  `session_id` int(11) NOT NULL,
  `course_num` int(11) NOT NULL,
  `start_date` date DEFAULT NULL,
  `end_date` date DEFAULT NULL,
  `start_time` time DEFAULT NULL,
  `end_time` time DEFAULT NULL,
  PRIMARY KEY (`session_id`),
  KEY `course_num` (`course_num`),
  CONSTRAINT `class_ibfk_1` FOREIGN KEY (`course_num`) REFERENCES `course` (`course_num`)
) ENGINE=InnoDB DEFAULT CHARSET=latin1;
/*!40101 SET character_set_client = @saved_cs_client */;

--
-- Dumping data for table `class`
--

LOCK TABLES `class` WRITE;
/*!40000 ALTER TABLE `class` DISABLE KEYS */;
INSERT INTO `class` VALUES (1,431,'2017-01-20','2016-05-09','06:00:00','09:00:00'),(2,476,'2017-01-22','2017-05-01','06:00:00','09:45:00'),(3,440,'2017-01-22','2017-05-15','05:00:00','08:00:00'),(4,531,'2017-01-22','2017-05-09','10:30:00','02:00:00'),(5,220,'2017-01-10','2017-05-09','08:30:00','12:00:00'),(12345,335,'2017-01-23','2017-05-28','16:00:00','17:15:00'),(13111,113,'2017-01-23','2017-05-23','16:00:00','17:15:00'),(786599,538,'2017-01-20','2017-05-09','18:00:00','20:00:00'),(7458799,534,'2017-01-10','2017-05-09','18:00:00','20:00:00'),(2147483647,540,'2017-01-20','2017-05-15','18:00:00','22:00:00');
/*!40000 ALTER TABLE `class` ENABLE KEYS */;
UNLOCK TABLES;

--
-- Table structure for table `class_indicators`
--

DROP TABLE IF EXISTS `class_indicators`;
/*!40101 SET @saved_cs_client     = @@character_set_client */;
/*!40101 SET character_set_client = utf8 */;
CREATE TABLE `class_indicators` (
  `session_id` int(11) NOT NULL,
  `indicator_id` int(11) NOT NULL,
  `type_of_work` varchar(20) DEFAULT NULL,
  `satisfactory` int(10) DEFAULT NULL,
  `developing` int(10) DEFAULT NULL,
  `unsatisfactory` int(10) DEFAULT NULL,
  KEY `session_id` (`session_id`),
  KEY `indicator_id` (`indicator_id`),
  CONSTRAINT `class_indicators_ibfk_1` FOREIGN KEY (`session_id`) REFERENCES `class` (`session_id`),
  CONSTRAINT `class_indicators_ibfk_2` FOREIGN KEY (`indicator_id`) REFERENCES `indicators` (`indicator_id`)
) ENGINE=InnoDB DEFAULT CHARSET=latin1;
/*!40101 SET character_set_client = @saved_cs_client */;

--
-- Dumping data for table `class_indicators`
--

LOCK TABLES `class_indicators` WRITE;
/*!40000 ALTER TABLE `class_indicators` DISABLE KEYS */;
INSERT INTO `class_indicators` VALUES (1,2,'hw6',26,27,28),(2,3,'hw2',30,31,32),(1,4,'hw5',33,34,35),(4,4,'midterm',36,37,38),(13111,29,'term_proj',39,40,41),(13111,24,'final_exam',44,42,43),(12345,29,'final_exam',45,46,47),(786599,3,'hw1',49,48,50),(5,3,'hw2',52,51,53),(2,2,'midterm',55,54,56),(2147483647,3,'hw1',58,57,59);
/*!40000 ALTER TABLE `class_indicators` ENABLE KEYS */;
UNLOCK TABLES;

--
-- Table structure for table `course`
--

DROP TABLE IF EXISTS `course`;
/*!40101 SET @saved_cs_client     = @@character_set_client */;
/*!40101 SET character_set_client = utf8 */;
CREATE TABLE `course` (
  `course_num` int(11) NOT NULL AUTO_INCREMENT,
  `course_name` varchar(50) DEFAULT NULL,
  `course_desc` text,
  `course_code` varchar(10) NOT NULL,
  PRIMARY KEY (`course_num`)
) ENGINE=InnoDB AUTO_INCREMENT=541 DEFAULT CHARSET=latin1;
/*!40101 SET character_set_client = @saved_cs_client */;

--
-- Dumping data for table `course`
--

LOCK TABLES `course` WRITE;
/*!40000 ALTER TABLE `course` DISABLE KEYS */;
INSERT INTO `course` VALUES (113,'Data Structures','Introduction to Data Structures','113-01'),(220,'Java Programming','intro to Java programming.','220-01'),(335,'Algorithm Engineering','algorithms','335-01'),(430,'Database Applications','Advanced applications using databases.','430-01'),(431,'AI','Students will learn the basic concepts of artificial intelligence.','431-01'),(440,'Computer Architecture','Basic computer Arch. and some assembly language funds.','440-01'),(476,'Java for Enterprise Apps','JavaEE, Spring framework, Web Services, JPA','476-01'),(531,'Advanced RDBMS','Advanced design aspects related to modern RDBMS','531-01'),(532,'Grad student project','Graduate student project','597-01'),(533,'Data Structures','Hey this is a test class!','220-01'),(534,'Data Structures','This is a test class!','220-02'),(535,'DataStructures','Test#xxx','220-02'),(536,'Data Science','Testing deleting!','210-01'),(537,'Intor Programming','Testing deleting','120-01'),(538,'Front End Development','Front End Development using JavaScript, JQuery.','473-01'),(539,'Programming','Programming in C++','180-01'),(540,'Programing','Programming using C++','180-01');
/*!40000 ALTER TABLE `course` ENABLE KEYS */;
UNLOCK TABLES;

--
-- Table structure for table `enrollment`
--

DROP TABLE IF EXISTS `enrollment`;
/*!40101 SET @saved_cs_client     = @@character_set_client */;
/*!40101 SET character_set_client = utf8 */;
CREATE TABLE `enrollment` (
  `student_cwid` int(11) NOT NULL,
  `session_id` int(11) NOT NULL,
  KEY `student_cwid` (`student_cwid`),
  KEY `session_id` (`session_id`),
  CONSTRAINT `enrollment_ibfk_5` FOREIGN KEY (`student_cwid`) REFERENCES `student` (`student_cwid`),
  CONSTRAINT `enrollment_ibfk_6` FOREIGN KEY (`session_id`) REFERENCES `class` (`session_id`)
) ENGINE=InnoDB DEFAULT CHARSET=latin1;
/*!40101 SET character_set_client = @saved_cs_client */;

--
-- Dumping data for table `enrollment`
--

LOCK TABLES `enrollment` WRITE;
/*!40000 ALTER TABLE `enrollment` DISABLE KEYS */;
INSERT INTO `enrollment` VALUES (1,1),(2,1),(3,1),(4,1),(5,1),(6,1),(7,1),(8,1),(9,1),(10,2),(11,2),(12,2),(13,2),(14,2),(15,2),(16,2),(17,2),(18,2),(19,2),(20,4),(21,4),(22,4),(23,4),(24,4),(25,4),(26,4),(27,4),(28,4),(29,4),(30,3),(31,3),(32,3),(33,3),(34,3),(35,3),(36,3),(37,3),(38,3),(39,3),(40,3),(41,3),(42,3),(43,3),(44,3),(45,3),(46,3),(47,3),(48,3),(49,3),(50,5),(51,5),(52,5),(53,5),(54,5),(55,5),(56,5),(57,5),(58,5),(59,5),(60,13111),(61,13111),(62,13111),(63,13111),(64,13111),(65,13111),(66,13111),(67,13111),(68,13111),(69,13111),(70,5),(71,5),(72,5),(73,5),(74,5),(75,5),(76,5),(77,5),(78,5),(79,5),(80,12345),(81,12345),(82,12345),(83,12345),(84,12345),(85,12345),(86,12345),(87,12345),(88,12345),(89,12345),(100,786599),(101,786599),(102,786599),(103,786599),(104,786599),(105,786599),(106,786599),(107,786599),(108,786599),(109,786599),(120,2147483647),(121,2147483647),(122,2147483647),(123,2147483647),(124,2147483647),(125,2147483647),(126,2147483647),(127,2147483647),(128,2147483647),(129,2147483647);
/*!40000 ALTER TABLE `enrollment` ENABLE KEYS */;
UNLOCK TABLES;

--
-- Table structure for table `faculty`
--

DROP TABLE IF EXISTS `faculty`;
/*!40101 SET @saved_cs_client     = @@character_set_client */;
/*!40101 SET character_set_client = utf8 */;
CREATE TABLE `faculty` (
  `faculty_id` int(11) NOT NULL AUTO_INCREMENT,
  `first_name` varchar(30) DEFAULT NULL,
  `last_name` varchar(30) DEFAULT NULL,
  `email` varchar(50) DEFAULT NULL,
  PRIMARY KEY (`faculty_id`)
) ENGINE=InnoDB AUTO_INCREMENT=29 DEFAULT CHARSET=latin1;
/*!40101 SET character_set_client = @saved_cs_client */;

--
-- Dumping data for table `faculty`
--

LOCK TABLES `faculty` WRITE;
/*!40000 ALTER TABLE `faculty` DISABLE KEYS */;
INSERT INTO `faculty` VALUES (1,'smith','robinson','testEmail@domain.com'),(2,'john','connor','jconnor@domain1.com'),(6,'D','Bein','dbein@fullerton.edu'),(24,'x','yz','xyz@.com'),(25,'F','W','fw@.com'),(26,'test','prof','tp@.com'),(27,'ted','oliver','toliver@.com'),(28,'Frank','Walker','fwalker@domain.com');
/*!40000 ALTER TABLE `faculty` ENABLE KEYS */;
UNLOCK TABLES;

--
-- Table structure for table `faculty_enrollment`
--

DROP TABLE IF EXISTS `faculty_enrollment`;
/*!40101 SET @saved_cs_client     = @@character_set_client */;
/*!40101 SET character_set_client = utf8 */;
CREATE TABLE `faculty_enrollment` (
  `session_id` int(11) NOT NULL,
  `faculty_id` int(11) DEFAULT NULL,
  KEY `session_id` (`session_id`),
  KEY `faculty_cwid` (`faculty_id`),
  CONSTRAINT `faculty_enrollment_ibfk_1` FOREIGN KEY (`session_id`) REFERENCES `class` (`session_id`)
) ENGINE=InnoDB DEFAULT CHARSET=latin1;
/*!40101 SET character_set_client = @saved_cs_client */;

--
-- Dumping data for table `faculty_enrollment`
--

LOCK TABLES `faculty_enrollment` WRITE;
/*!40000 ALTER TABLE `faculty_enrollment` DISABLE KEYS */;
INSERT INTO `faculty_enrollment` VALUES (1,1),(2,1),(4,2),(5,2),(13111,6),(12345,6),(786599,2),(2147483647,19);
/*!40000 ALTER TABLE `faculty_enrollment` ENABLE KEYS */;
UNLOCK TABLES;

--
-- Table structure for table `files`
--

DROP TABLE IF EXISTS `files`;
/*!40101 SET @saved_cs_client     = @@character_set_client */;
/*!40101 SET character_set_client = utf8 */;
CREATE TABLE `files` (
  `file_id` int(10) NOT NULL AUTO_INCREMENT,
  `content` mediumblob,
  `file_name` varchar(50) DEFAULT NULL,
  `file_size` int(10) DEFAULT NULL,
  `mimetype` varchar(30) DEFAULT NULL,
  PRIMARY KEY (`file_id`),
  UNIQUE KEY `file_name` (`file_name`)
) ENGINE=InnoDB AUTO_INCREMENT=60 DEFAULT CHARSET=latin1;
/*!40101 SET character_set_client = @saved_cs_client */;

--
-- Dumping data for table `files`
--

LOCK TABLES `files` WRITE;
/*!40000 ALTER TABLE `files` DISABLE KEYS */;
INSERT INTO `files` VALUES (26,'this is test1.txt!\n','test1.txt',19,'text/plain'),(27,'this is test2.txt!\n','test2.txt',19,'text/plain'),(28,'this is test3.txt!\n','test3.txt',19,'text/plain'),(30,'this is test1.txt!\n','testAI4.txt',19,'text/plain'),(31,'this is test2.txt!\n','testAI5.txt',19,'text/plain'),(32,'this is test3.txt!\n','testAI6.txt',19,'text/plain'),(33,'this is test1.txt!\n','testAI4-DM(copy).txt',19,'text/plain'),(34,'this is test2.txt!\n','testAI5-DM(copy).txt',19,'text/plain'),(35,'this is test3.txt!\n','testAI6-DM(copy).txt',19,'text/plain'),(36,'this is test1.txt!\n','rdbms4.txt',19,'text/plain'),(37,'this is test2.txt!\n','rdbms5.txt',19,'text/plain'),(38,'this is test3.txt!\n','rdbms6.txt',19,'text/plain'),(39,'this is advanced OS class test1!\n','advOS1.txt',33,'text/plain'),(40,'this is advanced OS class test2!\n','advOS2.txt',33,'text/plain'),(41,'this is advanced OS class test3!\n','advOS3.txt',33,'text/plain'),(42,'this is advanced OS class test2!\n','advOS2-DOCS.txt',33,'text/plain'),(43,'this is advanced OS class test3!\n','advOS3-DOCS.txt',33,'text/plain'),(44,'this is advanced OS class test1!\n','advOS-DOCS1.txt',33,'text/plain'),(45,'this is advanced OS class test2!\n','33501-ALG1.txt',33,'text/plain'),(46,'this is advanced OS class test3!\n','33501-ALG2.txt',33,'text/plain'),(47,'this is advanced OS class test1!\n','33501-ALG3.txt',33,'text/plain'),(48,'this is advanced OS class test2!\n','47301-hwSAT1.txt',33,'text/plain'),(49,'this is advanced OS class test3!\n','47301-hwDEV2.txt',33,'text/plain'),(50,'this is advanced OS class test1!\n','47301-hwUNSAT3.txt',33,'text/plain'),(51,'this is advanced OS class test2!\n','22001-hwSAT1.txt',33,'text/plain'),(52,'this is advanced OS class test3!\n','22001-hwDEV2.txt',33,'text/plain'),(53,'this is advanced OS class test1!\n','22001-hwUNSAT3.txt',33,'text/plain'),(54,'this is advanced OS class test2!\n','a101-hwSAT1.txt',33,'text/plain'),(55,'this is advanced OS class test3!\n','a101-hwDEV2.txt',33,'text/plain'),(56,'this is advanced OS class test1!\n','a101-hwUNSAT3.txt',33,'text/plain'),(57,'this is advanced OS class test2!\n','b101-hwSAT1.txt',33,'text/plain'),(58,'this is advanced OS class test3!\n','b101-hwDEV2.txt',33,'text/plain'),(59,'this is advanced OS class test1!\n','b101-hwUNSAT3.txt',33,'text/plain');
/*!40000 ALTER TABLE `files` ENABLE KEYS */;
UNLOCK TABLES;

--
-- Table structure for table `grades`
--

DROP TABLE IF EXISTS `grades`;
/*!40101 SET @saved_cs_client     = @@character_set_client */;
/*!40101 SET character_set_client = utf8 */;
CREATE TABLE `grades` (
  `student_cwid` int(11) NOT NULL,
  `session_id` int(11) NOT NULL,
  `term_proj` char(1) DEFAULT NULL,
  `term_proj2` char(1) DEFAULT NULL,
  `term_proj3` char(1) DEFAULT NULL,
  `term_proj4` char(1) DEFAULT NULL,
  `term_proj5` char(1) DEFAULT NULL,
  `term_proj6` char(1) DEFAULT NULL,
  `term_proj7` char(1) DEFAULT NULL,
  `term_proj8` char(1) DEFAULT NULL,
  `term_proj9` char(1) DEFAULT NULL,
  `term_proj10` char(1) DEFAULT NULL,
  `exam1` char(1) DEFAULT NULL,
  `midterm` char(1) DEFAULT NULL,
  `final_exam` char(1) DEFAULT NULL,
  `hw1` char(1) DEFAULT NULL,
  `hw2` char(1) DEFAULT NULL,
  `hw3` char(1) DEFAULT NULL,
  `hw4` char(1) DEFAULT NULL,
  `hw5` char(1) DEFAULT NULL,
  `hw6` char(1) DEFAULT NULL,
  `hw7` char(1) DEFAULT NULL,
  `hw8` char(1) DEFAULT NULL,
  `hw9` char(1) DEFAULT NULL,
  `hw10` char(1) DEFAULT NULL,
  `hw11` char(1) DEFAULT NULL,
  `hw12` char(1) DEFAULT NULL,
  `hw13` char(1) DEFAULT NULL,
  `hw14` char(1) DEFAULT NULL,
  `hw15` char(1) DEFAULT NULL,
  `hw16` char(1) DEFAULT NULL,
  `hw17` char(1) DEFAULT NULL,
  `hw18` char(1) DEFAULT NULL,
  `hw19` char(1) DEFAULT NULL,
  `hw20` char(1) DEFAULT NULL,
  KEY `student_cwid` (`student_cwid`),
  KEY `session_id` (`session_id`),
  CONSTRAINT `grades_ibfk_2` FOREIGN KEY (`session_id`) REFERENCES `class` (`session_id`),
  CONSTRAINT `grades_ibfk_4` FOREIGN KEY (`student_cwid`) REFERENCES `student` (`student_cwid`)
) ENGINE=InnoDB DEFAULT CHARSET=latin1;
/*!40101 SET character_set_client = @saved_cs_client */;

--
-- Dumping data for table `grades`
--

LOCK TABLES `grades` WRITE;
/*!40000 ALTER TABLE `grades` DISABLE KEYS */;
INSERT INTO `grades` VALUES (1,1,NULL,NULL,NULL,NULL,NULL,NULL,NULL,NULL,NULL,NULL,'A','A','A','A','A','A',NULL,NULL,NULL,NULL,NULL,NULL,NULL,NULL,NULL,NULL,NULL,NULL,NULL,NULL,NULL,NULL,NULL),(2,1,NULL,NULL,NULL,NULL,NULL,NULL,NULL,NULL,NULL,NULL,'A','A','B','B','C','B',NULL,NULL,NULL,NULL,NULL,NULL,NULL,NULL,NULL,NULL,NULL,NULL,NULL,NULL,NULL,NULL,NULL),(3,1,NULL,NULL,NULL,NULL,NULL,NULL,NULL,NULL,NULL,NULL,'A','C','B','A','A','B',NULL,NULL,NULL,NULL,NULL,NULL,NULL,NULL,NULL,NULL,NULL,NULL,NULL,NULL,NULL,NULL,NULL),(4,1,NULL,NULL,NULL,NULL,NULL,NULL,NULL,NULL,NULL,NULL,'C','B','C','B','A','B',NULL,NULL,NULL,NULL,NULL,NULL,NULL,NULL,NULL,NULL,NULL,NULL,NULL,NULL,NULL,NULL,NULL),(5,1,NULL,NULL,NULL,NULL,NULL,NULL,NULL,NULL,NULL,NULL,'A','C','','B','B','B',NULL,NULL,NULL,NULL,NULL,NULL,NULL,NULL,NULL,NULL,NULL,NULL,NULL,NULL,NULL,NULL,NULL),(6,1,NULL,NULL,NULL,NULL,NULL,NULL,NULL,NULL,NULL,NULL,'B','B','B','B','A','B',NULL,NULL,NULL,NULL,NULL,NULL,NULL,NULL,NULL,NULL,NULL,NULL,NULL,NULL,NULL,NULL,NULL),(7,1,NULL,NULL,NULL,NULL,NULL,NULL,NULL,NULL,NULL,NULL,'A','B','C','A','C','B',NULL,NULL,NULL,NULL,NULL,NULL,NULL,NULL,NULL,NULL,NULL,NULL,NULL,NULL,NULL,NULL,NULL),(8,1,NULL,NULL,NULL,NULL,NULL,NULL,NULL,NULL,NULL,NULL,'A','A','B','A','A','A',NULL,NULL,NULL,NULL,NULL,NULL,NULL,NULL,NULL,NULL,NULL,NULL,NULL,NULL,NULL,NULL,NULL),(9,1,NULL,NULL,NULL,NULL,NULL,NULL,NULL,NULL,NULL,NULL,'C','B','A','B','C','C',NULL,NULL,NULL,NULL,NULL,NULL,NULL,NULL,NULL,NULL,NULL,NULL,NULL,NULL,NULL,NULL,NULL),(10,2,NULL,NULL,NULL,NULL,NULL,NULL,NULL,NULL,NULL,NULL,'A','C','C','A','B','B',NULL,NULL,NULL,NULL,NULL,NULL,NULL,NULL,NULL,NULL,NULL,NULL,NULL,NULL,NULL,NULL,NULL),(11,2,NULL,NULL,NULL,NULL,NULL,NULL,NULL,NULL,NULL,NULL,NULL,'A','B','B','B','B','B',NULL,NULL,NULL,NULL,NULL,NULL,NULL,NULL,NULL,NULL,NULL,NULL,NULL,NULL,NULL,NULL),(12,2,NULL,NULL,NULL,NULL,NULL,NULL,NULL,NULL,NULL,NULL,NULL,'B','C','B','A','B',NULL,NULL,NULL,NULL,NULL,NULL,NULL,NULL,NULL,NULL,NULL,NULL,NULL,NULL,NULL,NULL,NULL),(13,2,NULL,NULL,NULL,NULL,NULL,NULL,NULL,NULL,NULL,NULL,NULL,'A','B','A','B','B',NULL,NULL,NULL,NULL,NULL,NULL,NULL,NULL,NULL,NULL,NULL,NULL,NULL,NULL,NULL,NULL,NULL),(14,2,NULL,NULL,NULL,NULL,NULL,NULL,NULL,NULL,NULL,NULL,NULL,NULL,NULL,NULL,NULL,NULL,NULL,NULL,NULL,NULL,NULL,NULL,NULL,NULL,NULL,NULL,NULL,NULL,NULL,NULL,NULL,NULL,NULL),(15,2,NULL,NULL,NULL,NULL,NULL,NULL,NULL,NULL,NULL,NULL,NULL,NULL,NULL,'A',NULL,NULL,NULL,NULL,NULL,NULL,NULL,NULL,NULL,NULL,NULL,NULL,NULL,NULL,NULL,NULL,NULL,NULL,NULL),(16,2,NULL,NULL,NULL,NULL,NULL,NULL,NULL,NULL,NULL,NULL,NULL,NULL,NULL,'A',NULL,NULL,NULL,NULL,NULL,NULL,NULL,NULL,NULL,NULL,NULL,NULL,NULL,NULL,NULL,NULL,NULL,NULL,NULL),(17,2,NULL,NULL,NULL,NULL,NULL,NULL,NULL,NULL,NULL,NULL,NULL,NULL,NULL,'A',NULL,NULL,NULL,NULL,NULL,NULL,NULL,NULL,NULL,NULL,NULL,NULL,NULL,NULL,NULL,NULL,NULL,NULL,NULL),(18,2,NULL,NULL,NULL,NULL,NULL,NULL,NULL,NULL,NULL,NULL,NULL,NULL,NULL,'A',NULL,NULL,NULL,NULL,NULL,NULL,NULL,NULL,NULL,NULL,NULL,NULL,NULL,NULL,NULL,NULL,NULL,NULL,NULL),(19,2,NULL,NULL,NULL,NULL,NULL,NULL,NULL,NULL,NULL,NULL,NULL,NULL,NULL,'B',NULL,NULL,NULL,NULL,NULL,NULL,NULL,NULL,NULL,NULL,NULL,NULL,NULL,NULL,NULL,NULL,NULL,NULL,NULL),(20,4,'B',NULL,NULL,NULL,NULL,NULL,NULL,NULL,NULL,NULL,'A','A','B',NULL,NULL,NULL,NULL,NULL,NULL,NULL,NULL,NULL,NULL,NULL,NULL,NULL,NULL,NULL,NULL,NULL,NULL,NULL,NULL),(21,4,NULL,NULL,NULL,NULL,NULL,NULL,NULL,NULL,NULL,NULL,NULL,NULL,NULL,'A','A','B','C','A',NULL,NULL,NULL,NULL,NULL,NULL,NULL,NULL,NULL,NULL,NULL,NULL,NULL,NULL,NULL),(22,4,'A',NULL,NULL,NULL,NULL,NULL,NULL,NULL,NULL,NULL,NULL,NULL,NULL,NULL,NULL,NULL,NULL,NULL,NULL,NULL,NULL,NULL,NULL,NULL,NULL,NULL,NULL,NULL,NULL,NULL,NULL,NULL,NULL),(23,4,NULL,NULL,NULL,NULL,NULL,NULL,NULL,NULL,NULL,NULL,NULL,NULL,NULL,NULL,NULL,NULL,NULL,NULL,NULL,NULL,NULL,NULL,NULL,NULL,NULL,NULL,NULL,NULL,NULL,NULL,NULL,NULL,NULL),(24,4,NULL,NULL,NULL,NULL,NULL,NULL,NULL,NULL,NULL,NULL,NULL,NULL,NULL,NULL,NULL,NULL,NULL,NULL,NULL,NULL,NULL,NULL,NULL,NULL,NULL,NULL,NULL,NULL,NULL,NULL,NULL,NULL,NULL),(25,4,NULL,NULL,NULL,NULL,NULL,NULL,NULL,NULL,NULL,NULL,NULL,NULL,NULL,NULL,NULL,NULL,NULL,NULL,NULL,NULL,NULL,NULL,NULL,NULL,NULL,NULL,NULL,NULL,NULL,NULL,NULL,NULL,NULL),(26,4,NULL,NULL,NULL,NULL,NULL,NULL,NULL,NULL,NULL,NULL,NULL,NULL,NULL,NULL,NULL,NULL,NULL,NULL,NULL,NULL,NULL,NULL,NULL,NULL,NULL,NULL,NULL,NULL,NULL,NULL,NULL,NULL,NULL),(27,4,NULL,NULL,NULL,NULL,NULL,NULL,NULL,NULL,NULL,NULL,NULL,NULL,NULL,NULL,NULL,NULL,NULL,NULL,NULL,NULL,NULL,NULL,NULL,NULL,NULL,NULL,NULL,NULL,NULL,NULL,NULL,NULL,NULL),(28,4,NULL,NULL,NULL,NULL,NULL,NULL,NULL,NULL,NULL,NULL,NULL,NULL,NULL,NULL,NULL,NULL,NULL,NULL,NULL,NULL,NULL,NULL,NULL,NULL,NULL,NULL,NULL,NULL,NULL,NULL,NULL,NULL,NULL),(29,4,NULL,NULL,NULL,NULL,NULL,NULL,NULL,NULL,NULL,NULL,'A',NULL,NULL,NULL,NULL,NULL,NULL,NULL,NULL,NULL,NULL,NULL,NULL,NULL,NULL,NULL,NULL,NULL,NULL,NULL,NULL,NULL,NULL),(30,3,NULL,NULL,NULL,NULL,NULL,NULL,NULL,NULL,NULL,NULL,NULL,NULL,NULL,NULL,NULL,NULL,NULL,NULL,NULL,NULL,NULL,NULL,NULL,NULL,NULL,NULL,NULL,NULL,NULL,NULL,NULL,NULL,NULL),(31,3,NULL,NULL,NULL,NULL,NULL,NULL,NULL,NULL,NULL,NULL,NULL,NULL,NULL,NULL,NULL,NULL,NULL,NULL,NULL,NULL,NULL,NULL,NULL,NULL,NULL,NULL,NULL,NULL,NULL,NULL,NULL,NULL,NULL),(32,3,NULL,NULL,NULL,NULL,NULL,NULL,NULL,NULL,NULL,NULL,NULL,NULL,NULL,NULL,NULL,NULL,NULL,NULL,NULL,NULL,NULL,NULL,NULL,NULL,NULL,NULL,NULL,NULL,NULL,NULL,NULL,NULL,NULL),(33,3,NULL,NULL,NULL,NULL,NULL,NULL,NULL,NULL,NULL,NULL,NULL,NULL,NULL,NULL,NULL,NULL,NULL,NULL,NULL,NULL,NULL,NULL,NULL,NULL,NULL,NULL,NULL,NULL,NULL,NULL,NULL,NULL,NULL),(34,3,NULL,NULL,NULL,NULL,NULL,NULL,NULL,NULL,NULL,NULL,NULL,NULL,NULL,NULL,NULL,NULL,NULL,NULL,NULL,NULL,NULL,NULL,NULL,NULL,NULL,NULL,NULL,NULL,NULL,NULL,NULL,NULL,NULL),(35,3,NULL,NULL,NULL,NULL,NULL,NULL,NULL,NULL,NULL,NULL,NULL,NULL,NULL,NULL,NULL,NULL,NULL,NULL,NULL,NULL,NULL,NULL,NULL,NULL,NULL,NULL,NULL,NULL,NULL,NULL,NULL,NULL,NULL),(36,3,NULL,NULL,NULL,NULL,NULL,NULL,NULL,NULL,NULL,NULL,NULL,NULL,NULL,NULL,NULL,NULL,NULL,NULL,NULL,NULL,NULL,NULL,NULL,NULL,NULL,NULL,NULL,NULL,NULL,NULL,NULL,NULL,NULL),(37,3,NULL,NULL,NULL,NULL,NULL,NULL,NULL,NULL,NULL,NULL,NULL,NULL,NULL,NULL,NULL,NULL,NULL,NULL,NULL,NULL,NULL,NULL,NULL,NULL,NULL,NULL,NULL,NULL,NULL,NULL,NULL,NULL,NULL),(38,3,NULL,NULL,NULL,NULL,NULL,NULL,NULL,NULL,NULL,NULL,NULL,NULL,NULL,NULL,NULL,NULL,NULL,NULL,NULL,NULL,NULL,NULL,NULL,NULL,NULL,NULL,NULL,NULL,NULL,NULL,NULL,NULL,NULL),(39,3,NULL,NULL,NULL,NULL,NULL,NULL,NULL,NULL,NULL,NULL,NULL,NULL,NULL,NULL,NULL,NULL,NULL,NULL,NULL,NULL,NULL,NULL,NULL,NULL,NULL,NULL,NULL,NULL,NULL,NULL,NULL,NULL,NULL),(40,3,NULL,NULL,NULL,NULL,NULL,NULL,NULL,NULL,NULL,NULL,NULL,NULL,NULL,NULL,NULL,NULL,NULL,NULL,NULL,NULL,NULL,NULL,NULL,NULL,NULL,NULL,NULL,NULL,NULL,NULL,NULL,NULL,NULL),(41,3,NULL,NULL,NULL,NULL,NULL,NULL,NULL,NULL,NULL,NULL,NULL,NULL,NULL,NULL,NULL,NULL,NULL,NULL,NULL,NULL,NULL,NULL,NULL,NULL,NULL,NULL,NULL,NULL,NULL,NULL,NULL,NULL,NULL),(42,3,NULL,NULL,NULL,NULL,NULL,NULL,NULL,NULL,NULL,NULL,NULL,NULL,NULL,NULL,NULL,NULL,NULL,NULL,NULL,NULL,NULL,NULL,NULL,NULL,NULL,NULL,NULL,NULL,NULL,NULL,NULL,NULL,NULL),(43,3,NULL,NULL,NULL,NULL,NULL,NULL,NULL,NULL,NULL,NULL,NULL,NULL,NULL,NULL,NULL,NULL,NULL,NULL,NULL,NULL,NULL,NULL,NULL,NULL,NULL,NULL,NULL,NULL,NULL,NULL,NULL,NULL,NULL),(44,3,NULL,NULL,NULL,NULL,NULL,NULL,NULL,NULL,NULL,NULL,NULL,NULL,NULL,NULL,NULL,NULL,NULL,NULL,NULL,NULL,NULL,NULL,NULL,NULL,NULL,NULL,NULL,NULL,NULL,NULL,NULL,NULL,NULL),(45,3,NULL,NULL,NULL,NULL,NULL,NULL,NULL,NULL,NULL,NULL,NULL,NULL,NULL,NULL,NULL,NULL,NULL,NULL,NULL,NULL,NULL,NULL,NULL,NULL,NULL,NULL,NULL,NULL,NULL,NULL,NULL,NULL,NULL),(46,3,NULL,NULL,NULL,NULL,NULL,NULL,NULL,NULL,NULL,NULL,NULL,NULL,NULL,NULL,NULL,NULL,NULL,NULL,NULL,NULL,NULL,NULL,NULL,NULL,NULL,NULL,NULL,NULL,NULL,NULL,NULL,NULL,NULL),(47,3,NULL,NULL,NULL,NULL,NULL,NULL,NULL,NULL,NULL,NULL,NULL,NULL,NULL,NULL,NULL,NULL,NULL,NULL,NULL,NULL,NULL,NULL,NULL,NULL,NULL,NULL,NULL,NULL,NULL,NULL,NULL,NULL,NULL),(48,3,NULL,NULL,NULL,NULL,NULL,NULL,NULL,NULL,NULL,NULL,NULL,NULL,NULL,NULL,NULL,NULL,NULL,NULL,NULL,NULL,NULL,NULL,NULL,NULL,NULL,NULL,NULL,NULL,NULL,NULL,NULL,NULL,NULL),(49,3,NULL,NULL,NULL,NULL,NULL,NULL,NULL,NULL,NULL,NULL,NULL,NULL,NULL,NULL,NULL,NULL,NULL,NULL,NULL,NULL,NULL,NULL,NULL,NULL,NULL,NULL,NULL,NULL,NULL,NULL,NULL,NULL,NULL),(50,5,NULL,NULL,NULL,NULL,NULL,NULL,NULL,NULL,NULL,NULL,NULL,NULL,NULL,NULL,NULL,NULL,NULL,NULL,NULL,NULL,NULL,NULL,NULL,NULL,NULL,NULL,NULL,NULL,NULL,NULL,NULL,NULL,NULL),(51,5,NULL,NULL,NULL,NULL,NULL,NULL,NULL,NULL,NULL,NULL,NULL,'a',NULL,'A',NULL,NULL,NULL,NULL,NULL,NULL,NULL,NULL,NULL,NULL,NULL,NULL,NULL,NULL,NULL,NULL,NULL,NULL,NULL),(52,5,NULL,NULL,NULL,NULL,NULL,NULL,NULL,NULL,NULL,NULL,NULL,NULL,NULL,NULL,NULL,NULL,NULL,NULL,NULL,NULL,NULL,NULL,NULL,NULL,NULL,NULL,NULL,NULL,NULL,NULL,NULL,NULL,NULL),(53,5,NULL,NULL,NULL,NULL,NULL,NULL,NULL,NULL,NULL,NULL,NULL,NULL,NULL,'A','B',NULL,NULL,NULL,NULL,NULL,NULL,NULL,NULL,NULL,NULL,NULL,NULL,NULL,NULL,NULL,NULL,NULL,NULL),(54,5,NULL,NULL,NULL,NULL,NULL,NULL,NULL,NULL,NULL,NULL,NULL,NULL,NULL,NULL,NULL,NULL,NULL,NULL,NULL,NULL,NULL,NULL,NULL,NULL,NULL,NULL,NULL,NULL,NULL,NULL,NULL,NULL,NULL),(55,5,NULL,NULL,NULL,NULL,NULL,NULL,NULL,NULL,NULL,NULL,NULL,NULL,NULL,NULL,NULL,NULL,NULL,NULL,NULL,NULL,NULL,NULL,NULL,NULL,NULL,NULL,NULL,NULL,NULL,NULL,NULL,NULL,NULL),(56,5,NULL,NULL,NULL,NULL,NULL,NULL,NULL,NULL,NULL,NULL,NULL,NULL,NULL,NULL,NULL,NULL,NULL,NULL,NULL,NULL,NULL,NULL,NULL,NULL,NULL,NULL,NULL,NULL,NULL,NULL,NULL,NULL,NULL),(57,5,NULL,NULL,NULL,NULL,NULL,NULL,NULL,NULL,NULL,NULL,NULL,NULL,NULL,NULL,NULL,NULL,NULL,NULL,NULL,NULL,NULL,NULL,NULL,NULL,NULL,NULL,NULL,NULL,NULL,NULL,NULL,NULL,NULL),(58,5,NULL,NULL,NULL,NULL,NULL,NULL,NULL,NULL,NULL,NULL,NULL,NULL,NULL,NULL,NULL,NULL,NULL,NULL,NULL,NULL,NULL,NULL,NULL,NULL,NULL,NULL,NULL,NULL,NULL,NULL,NULL,NULL,NULL),(59,5,NULL,NULL,NULL,NULL,NULL,NULL,NULL,NULL,NULL,NULL,NULL,NULL,NULL,'A','B','B',NULL,NULL,NULL,NULL,NULL,NULL,NULL,NULL,NULL,NULL,NULL,NULL,NULL,NULL,NULL,NULL,NULL),(60,13111,NULL,NULL,NULL,NULL,NULL,NULL,NULL,NULL,NULL,NULL,NULL,NULL,NULL,NULL,NULL,NULL,NULL,NULL,NULL,NULL,NULL,NULL,NULL,NULL,NULL,NULL,NULL,NULL,NULL,NULL,NULL,NULL,NULL),(61,13111,'A',NULL,NULL,NULL,NULL,NULL,NULL,NULL,NULL,NULL,NULL,NULL,'A',NULL,NULL,NULL,NULL,NULL,NULL,NULL,NULL,NULL,NULL,NULL,NULL,NULL,NULL,NULL,NULL,NULL,NULL,NULL,NULL),(62,13111,NULL,NULL,NULL,NULL,NULL,NULL,NULL,NULL,NULL,NULL,NULL,NULL,NULL,NULL,NULL,NULL,NULL,NULL,NULL,NULL,NULL,NULL,NULL,NULL,NULL,NULL,NULL,NULL,NULL,NULL,NULL,NULL,NULL),(63,13111,NULL,NULL,NULL,NULL,NULL,NULL,NULL,NULL,NULL,NULL,NULL,NULL,NULL,NULL,NULL,NULL,NULL,NULL,NULL,NULL,NULL,NULL,NULL,NULL,NULL,NULL,NULL,NULL,NULL,NULL,NULL,NULL,NULL),(64,13111,NULL,NULL,NULL,NULL,NULL,NULL,NULL,NULL,NULL,NULL,NULL,NULL,NULL,NULL,NULL,NULL,NULL,NULL,NULL,NULL,NULL,NULL,NULL,NULL,NULL,NULL,NULL,NULL,NULL,NULL,NULL,NULL,NULL),(65,13111,NULL,NULL,NULL,NULL,NULL,NULL,NULL,NULL,NULL,NULL,NULL,NULL,NULL,NULL,NULL,NULL,NULL,NULL,NULL,NULL,NULL,NULL,NULL,NULL,NULL,NULL,NULL,NULL,NULL,NULL,NULL,NULL,NULL),(66,13111,NULL,NULL,NULL,NULL,NULL,NULL,NULL,NULL,NULL,NULL,NULL,NULL,NULL,NULL,NULL,NULL,NULL,NULL,NULL,NULL,NULL,NULL,NULL,NULL,NULL,NULL,NULL,NULL,NULL,NULL,NULL,NULL,NULL),(67,13111,NULL,NULL,NULL,NULL,NULL,NULL,NULL,NULL,NULL,NULL,NULL,NULL,NULL,NULL,NULL,NULL,NULL,NULL,NULL,NULL,NULL,NULL,NULL,NULL,NULL,NULL,NULL,NULL,NULL,NULL,NULL,NULL,NULL),(68,13111,NULL,NULL,NULL,NULL,NULL,NULL,NULL,NULL,NULL,NULL,NULL,NULL,NULL,NULL,NULL,NULL,NULL,NULL,NULL,NULL,NULL,NULL,NULL,NULL,NULL,NULL,NULL,NULL,NULL,NULL,NULL,NULL,NULL),(69,13111,NULL,NULL,NULL,NULL,NULL,NULL,NULL,NULL,NULL,NULL,NULL,NULL,NULL,NULL,NULL,NULL,NULL,NULL,NULL,NULL,NULL,NULL,NULL,NULL,NULL,NULL,NULL,NULL,NULL,NULL,NULL,NULL,NULL),(70,5,NULL,NULL,NULL,NULL,NULL,NULL,NULL,NULL,NULL,NULL,NULL,NULL,NULL,NULL,NULL,NULL,NULL,NULL,NULL,NULL,NULL,NULL,NULL,NULL,NULL,NULL,NULL,NULL,NULL,NULL,NULL,NULL,NULL),(71,5,NULL,NULL,NULL,NULL,NULL,NULL,NULL,NULL,NULL,NULL,NULL,NULL,NULL,NULL,NULL,NULL,NULL,NULL,NULL,NULL,NULL,NULL,NULL,NULL,NULL,NULL,NULL,NULL,NULL,NULL,NULL,NULL,NULL),(72,5,NULL,NULL,NULL,NULL,NULL,NULL,NULL,NULL,NULL,NULL,NULL,NULL,NULL,NULL,NULL,NULL,NULL,NULL,NULL,NULL,NULL,NULL,NULL,NULL,NULL,NULL,NULL,NULL,NULL,NULL,NULL,NULL,NULL),(73,5,NULL,NULL,NULL,NULL,NULL,NULL,NULL,NULL,NULL,NULL,NULL,NULL,NULL,NULL,NULL,NULL,NULL,NULL,NULL,NULL,NULL,NULL,NULL,NULL,NULL,NULL,NULL,NULL,NULL,NULL,NULL,NULL,NULL),(74,5,NULL,NULL,NULL,NULL,NULL,NULL,NULL,NULL,NULL,NULL,NULL,NULL,NULL,NULL,NULL,NULL,NULL,NULL,NULL,NULL,NULL,NULL,NULL,NULL,NULL,NULL,NULL,NULL,NULL,NULL,NULL,NULL,NULL),(75,5,NULL,NULL,NULL,NULL,NULL,NULL,NULL,NULL,NULL,NULL,NULL,NULL,NULL,NULL,NULL,NULL,NULL,NULL,NULL,NULL,NULL,NULL,NULL,NULL,NULL,NULL,NULL,NULL,NULL,NULL,NULL,NULL,NULL),(76,5,NULL,NULL,NULL,NULL,NULL,NULL,NULL,NULL,NULL,NULL,NULL,NULL,NULL,NULL,NULL,NULL,NULL,NULL,NULL,NULL,NULL,NULL,NULL,NULL,NULL,NULL,NULL,NULL,NULL,NULL,NULL,NULL,NULL),(77,5,NULL,NULL,NULL,NULL,NULL,NULL,NULL,NULL,NULL,NULL,NULL,NULL,NULL,NULL,NULL,NULL,NULL,NULL,NULL,NULL,NULL,NULL,NULL,NULL,NULL,NULL,NULL,NULL,NULL,NULL,NULL,NULL,NULL),(78,5,NULL,NULL,NULL,NULL,NULL,NULL,NULL,NULL,NULL,NULL,NULL,NULL,NULL,NULL,NULL,NULL,NULL,NULL,NULL,NULL,NULL,NULL,NULL,NULL,NULL,NULL,NULL,NULL,NULL,NULL,NULL,NULL,NULL),(79,5,NULL,NULL,NULL,NULL,NULL,NULL,NULL,NULL,NULL,NULL,NULL,NULL,NULL,NULL,NULL,NULL,NULL,NULL,NULL,NULL,NULL,NULL,NULL,NULL,NULL,NULL,NULL,NULL,NULL,NULL,NULL,NULL,NULL),(80,12345,'A',NULL,NULL,NULL,NULL,NULL,NULL,NULL,NULL,NULL,'B','B','B','B',NULL,'A',NULL,NULL,NULL,NULL,NULL,NULL,NULL,NULL,NULL,NULL,NULL,NULL,NULL,NULL,NULL,NULL,NULL),(81,12345,'A',NULL,NULL,NULL,NULL,NULL,NULL,NULL,NULL,NULL,'B','A','A','A','B','A',NULL,NULL,NULL,NULL,NULL,NULL,NULL,NULL,NULL,NULL,NULL,NULL,NULL,NULL,NULL,NULL,NULL),(82,12345,'C',NULL,NULL,NULL,NULL,NULL,NULL,NULL,NULL,NULL,'B','A','B','A','A','C',NULL,NULL,NULL,NULL,NULL,NULL,NULL,NULL,NULL,NULL,NULL,NULL,NULL,NULL,NULL,NULL,NULL),(83,12345,'B',NULL,NULL,NULL,NULL,NULL,NULL,NULL,NULL,NULL,'B','A','B','C','B','A',NULL,NULL,NULL,NULL,NULL,NULL,NULL,NULL,NULL,NULL,NULL,NULL,NULL,NULL,NULL,NULL,NULL),(84,12345,'B',NULL,NULL,NULL,NULL,NULL,NULL,NULL,NULL,NULL,'B','C','C','D','C','B',NULL,NULL,NULL,NULL,NULL,NULL,NULL,NULL,NULL,NULL,NULL,NULL,NULL,NULL,NULL,NULL,NULL),(85,12345,'B',NULL,NULL,NULL,NULL,NULL,NULL,NULL,NULL,NULL,'C','B','B','B','B','A',NULL,NULL,NULL,NULL,NULL,NULL,NULL,NULL,NULL,NULL,NULL,NULL,NULL,NULL,NULL,NULL,NULL),(86,12345,'A',NULL,NULL,NULL,NULL,NULL,NULL,NULL,NULL,NULL,'C','C','B','C','B','B',NULL,NULL,NULL,NULL,NULL,NULL,NULL,NULL,NULL,NULL,NULL,NULL,NULL,NULL,NULL,NULL,NULL),(87,12345,'A',NULL,NULL,NULL,NULL,NULL,NULL,NULL,NULL,NULL,'B','A','B','A','A','B',NULL,NULL,NULL,NULL,NULL,NULL,NULL,NULL,NULL,NULL,NULL,NULL,NULL,NULL,NULL,NULL,NULL),(88,12345,'B',NULL,NULL,NULL,NULL,NULL,NULL,NULL,NULL,NULL,'C','B','C','B','A','C',NULL,NULL,NULL,NULL,NULL,NULL,NULL,NULL,NULL,NULL,NULL,NULL,NULL,NULL,NULL,NULL,NULL),(89,12345,'A',NULL,NULL,NULL,NULL,NULL,NULL,NULL,NULL,NULL,'A','B','B','A','B','B',NULL,NULL,NULL,NULL,NULL,NULL,NULL,NULL,NULL,NULL,NULL,NULL,NULL,NULL,NULL,NULL,NULL),(100,786599,NULL,NULL,NULL,NULL,NULL,NULL,NULL,NULL,NULL,NULL,NULL,NULL,NULL,'A',NULL,NULL,NULL,NULL,NULL,NULL,NULL,NULL,NULL,NULL,NULL,NULL,NULL,NULL,NULL,NULL,NULL,NULL,NULL),(101,786599,NULL,NULL,NULL,NULL,NULL,NULL,NULL,NULL,NULL,NULL,NULL,NULL,NULL,NULL,'B',NULL,NULL,NULL,NULL,NULL,NULL,NULL,NULL,NULL,NULL,NULL,NULL,NULL,NULL,NULL,NULL,NULL,NULL),(102,786599,NULL,NULL,NULL,NULL,NULL,NULL,NULL,NULL,NULL,NULL,NULL,NULL,NULL,'C',NULL,NULL,NULL,NULL,NULL,NULL,NULL,NULL,NULL,NULL,NULL,NULL,NULL,NULL,NULL,NULL,NULL,NULL,NULL),(103,786599,NULL,NULL,NULL,NULL,NULL,NULL,NULL,NULL,NULL,NULL,NULL,NULL,NULL,'B',NULL,NULL,NULL,NULL,NULL,NULL,NULL,NULL,NULL,NULL,NULL,NULL,NULL,NULL,NULL,NULL,NULL,NULL,NULL),(104,786599,NULL,NULL,NULL,NULL,NULL,NULL,NULL,NULL,NULL,NULL,NULL,NULL,NULL,'B',NULL,NULL,NULL,NULL,NULL,NULL,NULL,NULL,NULL,NULL,NULL,NULL,NULL,NULL,NULL,NULL,NULL,NULL,NULL),(105,786599,NULL,NULL,NULL,NULL,NULL,NULL,NULL,NULL,NULL,NULL,NULL,NULL,NULL,'A',NULL,NULL,NULL,NULL,NULL,NULL,NULL,NULL,NULL,NULL,NULL,NULL,NULL,NULL,NULL,NULL,NULL,NULL,NULL),(106,786599,NULL,NULL,NULL,NULL,NULL,NULL,NULL,NULL,NULL,NULL,NULL,NULL,NULL,'C',NULL,NULL,NULL,NULL,NULL,NULL,NULL,NULL,NULL,NULL,NULL,NULL,NULL,NULL,NULL,NULL,NULL,NULL,NULL),(107,786599,NULL,NULL,NULL,NULL,NULL,NULL,NULL,NULL,NULL,NULL,NULL,NULL,NULL,'A',NULL,NULL,NULL,NULL,NULL,NULL,NULL,NULL,NULL,NULL,NULL,NULL,NULL,NULL,NULL,NULL,NULL,NULL,NULL),(108,786599,NULL,NULL,NULL,NULL,NULL,NULL,NULL,NULL,NULL,NULL,NULL,NULL,NULL,'A','B',NULL,NULL,NULL,NULL,NULL,NULL,NULL,NULL,NULL,NULL,NULL,NULL,NULL,NULL,NULL,NULL,NULL,NULL),(109,786599,NULL,NULL,NULL,NULL,NULL,NULL,NULL,NULL,NULL,NULL,NULL,NULL,NULL,'A','B',NULL,NULL,NULL,NULL,NULL,NULL,NULL,NULL,NULL,NULL,NULL,NULL,NULL,NULL,NULL,NULL,NULL,NULL),(120,2147483647,NULL,NULL,NULL,NULL,NULL,NULL,NULL,NULL,NULL,NULL,NULL,NULL,NULL,'A',NULL,NULL,NULL,NULL,NULL,NULL,NULL,NULL,NULL,NULL,NULL,NULL,NULL,NULL,NULL,NULL,NULL,NULL,NULL),(121,2147483647,NULL,NULL,NULL,NULL,NULL,NULL,NULL,NULL,NULL,NULL,NULL,'A',NULL,'A',NULL,NULL,NULL,NULL,NULL,NULL,NULL,NULL,NULL,NULL,NULL,NULL,NULL,NULL,NULL,NULL,NULL,NULL,NULL),(122,2147483647,NULL,NULL,NULL,NULL,NULL,NULL,NULL,NULL,NULL,NULL,NULL,NULL,NULL,NULL,NULL,NULL,NULL,NULL,NULL,NULL,NULL,NULL,NULL,NULL,NULL,NULL,NULL,NULL,NULL,NULL,NULL,NULL,NULL),(123,2147483647,NULL,NULL,NULL,NULL,NULL,NULL,NULL,NULL,NULL,NULL,NULL,NULL,NULL,NULL,NULL,NULL,NULL,NULL,NULL,NULL,NULL,NULL,NULL,NULL,NULL,NULL,NULL,NULL,NULL,NULL,NULL,NULL,NULL),(124,2147483647,NULL,NULL,NULL,NULL,NULL,NULL,NULL,NULL,NULL,NULL,NULL,NULL,NULL,NULL,NULL,NULL,NULL,NULL,NULL,NULL,NULL,NULL,NULL,NULL,NULL,NULL,NULL,NULL,NULL,NULL,NULL,NULL,NULL),(125,2147483647,NULL,NULL,NULL,NULL,NULL,NULL,NULL,NULL,NULL,NULL,NULL,NULL,NULL,NULL,NULL,NULL,NULL,NULL,NULL,NULL,NULL,NULL,NULL,NULL,NULL,NULL,NULL,NULL,NULL,NULL,NULL,NULL,NULL),(126,2147483647,NULL,NULL,NULL,NULL,NULL,NULL,NULL,NULL,NULL,NULL,NULL,NULL,NULL,NULL,NULL,NULL,NULL,NULL,NULL,NULL,NULL,NULL,NULL,NULL,NULL,NULL,NULL,NULL,NULL,NULL,NULL,NULL,NULL),(127,2147483647,NULL,NULL,NULL,NULL,NULL,NULL,NULL,NULL,NULL,NULL,NULL,NULL,NULL,NULL,NULL,NULL,NULL,NULL,NULL,NULL,NULL,NULL,NULL,NULL,NULL,NULL,NULL,NULL,NULL,NULL,NULL,NULL,NULL),(128,2147483647,NULL,NULL,NULL,NULL,NULL,NULL,NULL,NULL,NULL,NULL,NULL,NULL,NULL,NULL,NULL,NULL,NULL,NULL,NULL,NULL,NULL,NULL,NULL,NULL,NULL,NULL,NULL,NULL,NULL,NULL,NULL,NULL,NULL),(129,2147483647,NULL,NULL,NULL,NULL,NULL,NULL,NULL,NULL,NULL,NULL,NULL,NULL,NULL,NULL,NULL,NULL,NULL,NULL,NULL,NULL,NULL,NULL,NULL,NULL,NULL,NULL,NULL,NULL,NULL,NULL,NULL,NULL,NULL);
/*!40000 ALTER TABLE `grades` ENABLE KEYS */;
UNLOCK TABLES;

--
-- Table structure for table `indicators`
--

DROP TABLE IF EXISTS `indicators`;
/*!40101 SET @saved_cs_client     = @@character_set_client */;
/*!40101 SET character_set_client = utf8 */;
CREATE TABLE `indicators` (
  `indicator_id` int(11) NOT NULL AUTO_INCREMENT,
  `indicator_name` varchar(8) NOT NULL,
  PRIMARY KEY (`indicator_id`)
) ENGINE=InnoDB AUTO_INCREMENT=36 DEFAULT CHARSET=latin1;
/*!40101 SET character_set_client = @saved_cs_client */;

--
-- Dumping data for table `indicators`
--

LOCK TABLES `indicators` WRITE;
/*!40000 ALTER TABLE `indicators` DISABLE KEYS */;
INSERT INTO `indicators` VALUES (1,'IDE'),(2,'CODE'),(3,'HW'),(4,'DM'),(5,'GRAPH'),(6,'REQ'),(7,'SPEC'),(8,'ALTS'),(9,'DESC'),(10,'TEST'),(11,'COOP'),(12,'PROC'),(13,'FDBK'),(14,'ETH'),(15,'IP'),(16,'SECISS'),(17,'WRITE'),(18,'SPEAK'),(19,'CMNT'),(20,'INF'),(21,'MILE'),(22,'IMP'),(23,'LANGS'),(24,'DOCS'),(25,'DEPR'),(26,'CMD'),(27,'CASE'),(28,'BIGO'),(29,'ALG'),(30,'PNP'),(31,'CRIT'),(32,'OOP'),(33,'FP'),(34,'DS'),(35,'DSGN');
/*!40000 ALTER TABLE `indicators` ENABLE KEYS */;
UNLOCK TABLES;

--
-- Table structure for table `membership`
--

DROP TABLE IF EXISTS `membership`;
/*!40101 SET @saved_cs_client     = @@character_set_client */;
/*!40101 SET character_set_client = utf8 */;
CREATE TABLE `membership` (
  `id` int(11) NOT NULL AUTO_INCREMENT,
  `faculty_id` int(11) DEFAULT NULL,
  `admin_id` int(11) DEFAULT NULL,
  PRIMARY KEY (`id`),
  KEY `faculty_id` (`faculty_id`),
  KEY `admin_id` (`admin_id`),
  CONSTRAINT `membership_ibfk_1` FOREIGN KEY (`faculty_id`) REFERENCES `faculty` (`faculty_id`),
  CONSTRAINT `membership_ibfk_2` FOREIGN KEY (`admin_id`) REFERENCES `admins` (`admin_id`)
) ENGINE=InnoDB AUTO_INCREMENT=20 DEFAULT CHARSET=latin1;
/*!40101 SET character_set_client = @saved_cs_client */;

--
-- Dumping data for table `membership`
--

LOCK TABLES `membership` WRITE;
/*!40000 ALTER TABLE `membership` DISABLE KEYS */;
INSERT INTO `membership` VALUES (1,1,NULL),(2,2,NULL),(3,6,NULL),(4,NULL,1),(15,24,NULL),(16,25,NULL),(17,26,NULL),(18,27,NULL),(19,28,NULL);
/*!40000 ALTER TABLE `membership` ENABLE KEYS */;
UNLOCK TABLES;

--
-- Table structure for table `student`
--

DROP TABLE IF EXISTS `student`;
/*!40101 SET @saved_cs_client     = @@character_set_client */;
/*!40101 SET character_set_client = utf8 */;
CREATE TABLE `student` (
  `student_cwid` int(11) NOT NULL AUTO_INCREMENT,
  `first_name` varchar(30) DEFAULT NULL,
  `last_name` varchar(30) DEFAULT NULL,
  `email` varchar(50) DEFAULT NULL,
  PRIMARY KEY (`student_cwid`)
) ENGINE=InnoDB AUTO_INCREMENT=130 DEFAULT CHARSET=latin1;
/*!40101 SET character_set_client = @saved_cs_client */;

--
-- Dumping data for table `student`
--

LOCK TABLES `student` WRITE;
/*!40000 ALTER TABLE `student` DISABLE KEYS */;
INSERT INTO `student` VALUES (1,'dean','naji',NULL),(2,'bob','robbinson',NULL),(3,'alice','wonder',NULL),(4,'fred','walker',NULL),(5,'jax','onile',NULL),(6,'rose','mcallen',NULL),(7,'john','conor',NULL),(8,'lynda','comm',NULL),(9,'eric','red',NULL),(10,'Erlang','Elixir','ee@csu.fullerton.edu'),(11,'Edsger','Dijkstra','ed@csu.fullerton.edu'),(12,'Niklaus','Wirth','nw@csu.fullerton.edu'),(13,'Sophie','Wilson','sw@csu.fullerton.edu'),(14,'Michael','Widenius','mw@csu.fullerton.edu'),(15,'Carl','Sassenrath','cs@csu.fullerton.edu'),(16,'Jason','Fried','jf@csu.fullerton.edu'),(17,'Richard','Stallman','rs@csu.fullerton.edu'),(18,'Rasmus','Lerdorf','rl@csu.fullerton.edu'),(19,'Bjarne','Stroustrup','bs@csu.fullerton.edu'),(20,'Erlang','Elixir','ee@csu.fullerton.edu'),(21,'Edsger','Dijkstra','ed@csu.fullerton.edu'),(22,'Niklaus','Wirth','nw@csu.fullerton.edu'),(23,'Sophie','Wilson','sw@csu.fullerton.edu'),(24,'Michael','Widenius','mw@csu.fullerton.edu'),(25,'Carl','Sassenrath','cs@csu.fullerton.edu'),(26,'Jason','Fried','jf@csu.fullerton.edu'),(27,'Richard','Stallman','rs@csu.fullerton.edu'),(28,'Rasmus','Lerdorf','rl@csu.fullerton.edu'),(29,'Bjarne','Stroustrup','bs@csu.fullerton.edu'),(30,'Erlang','Elixir','ee@csu.fullerton.edu'),(31,'Edsger','Dijkstra','ed@csu.fullerton.edu'),(32,'Niklaus','Wirth','nw@csu.fullerton.edu'),(33,'Sophie','Wilson','sw@csu.fullerton.edu'),(34,'Michael','Widenius','mw@csu.fullerton.edu'),(35,'Carl','Sassenrath','cs@csu.fullerton.edu'),(36,'Jason','Fried','jf@csu.fullerton.edu'),(37,'Richard','Stallman','rs@csu.fullerton.edu'),(38,'Rasmus','Lerdorf','rl@csu.fullerton.edu'),(39,'Bjarne','Stroustrup','bs@csu.fullerton.edu'),(40,'Erlang','Elixir','ee@csu.fullerton.edu'),(41,'Edsger','Dijkstra','ed@csu.fullerton.edu'),(42,'Niklaus','Wirth','nw@csu.fullerton.edu'),(43,'Sophie','Wilson','sw@csu.fullerton.edu'),(44,'Michael','Widenius','mw@csu.fullerton.edu'),(45,'Carl','Sassenrath','cs@csu.fullerton.edu'),(46,'Jason','Fried','jf@csu.fullerton.edu'),(47,'Richard','Stallman','rs@csu.fullerton.edu'),(48,'Rasmus','Lerdorf','rl@csu.fullerton.edu'),(49,'Bjarne','Stroustrup','bs@csu.fullerton.edu'),(50,'Erlang','Elixir','ee@csu.fullerton.edu'),(51,'Edsger','Dijkstra','ed@csu.fullerton.edu'),(52,'Niklaus','Wirth','nw@csu.fullerton.edu'),(53,'Sophie','Wilson','sw@csu.fullerton.edu'),(54,'Michael','Widenius','mw@csu.fullerton.edu'),(55,'Carl','Sassenrath','cs@csu.fullerton.edu'),(56,'Jason','Fried','jf@csu.fullerton.edu'),(57,'Richard','Stallman','rs@csu.fullerton.edu'),(58,'Rasmus','Lerdorf','rl@csu.fullerton.edu'),(59,'Bjarne','Stroustrup','bs@csu.fullerton.edu'),(60,'Erlang','Elixir','ee@csu.fullerton.edu'),(61,'Edsger','Dijkstra','ed@csu.fullerton.edu'),(62,'Niklaus','Wirth','nw@csu.fullerton.edu'),(63,'Sophie','Wilson','sw@csu.fullerton.edu'),(64,'Michael','Widenius','mw@csu.fullerton.edu'),(65,'Carl','Sassenrath','cs@csu.fullerton.edu'),(66,'Jason','Fried','jf@csu.fullerton.edu'),(67,'Richard','Stallman','rs@csu.fullerton.edu'),(68,'Rasmus','Lerdorf','rl@csu.fullerton.edu'),(69,'Bjarne','Stroustrup','bs@csu.fullerton.edu'),(70,'Erlang','Elixir','ee@csu.fullerton.edu'),(71,'Edsger','Dijkstra','ed@csu.fullerton.edu'),(72,'Niklaus','Wirth','nw@csu.fullerton.edu'),(73,'Sophie','Wilson','sw@csu.fullerton.edu'),(74,'Michael','Widenius','mw@csu.fullerton.edu'),(75,'Carl','Sassenrath','cs@csu.fullerton.edu'),(76,'Jason','Fried','jf@csu.fullerton.edu'),(77,'Richard','Stallman','rs@csu.fullerton.edu'),(78,'Rasmus','Lerdorf','rl@csu.fullerton.edu'),(79,'Bjarne','Stroustrup','bs@csu.fullerton.edu'),(80,'Erlang','Elixir','ee@csu.fullerton.edu'),(81,'Edsger','Dijkstra','ed@csu.fullerton.edu'),(82,'Niklaus','Wirth','nw@csu.fullerton.edu'),(83,'Sophie','Wilson','sw@csu.fullerton.edu'),(84,'Michael','Widenius','mw@csu.fullerton.edu'),(85,'Carl','Sassenrath','cs@csu.fullerton.edu'),(86,'Jason','Fried','jf@csu.fullerton.edu'),(87,'Richard','Stallman','rs@csu.fullerton.edu'),(88,'Rasmus','Lerdorf','rl@csu.fullerton.edu'),(89,'Bjarne','Stroustrup','bs@csu.fullerton.edu'),(90,'Erlang','Elixir','ee@csu.fullerton.edu'),(91,'Edsger','Dijkstra','ed@csu.fullerton.edu'),(92,'Niklaus','Wirth','nw@csu.fullerton.edu'),(93,'Sophie','Wilson','sw@csu.fullerton.edu'),(94,'Michael','Widenius','mw@csu.fullerton.edu'),(95,'Carl','Sassenrath','cs@csu.fullerton.edu'),(96,'Jason','Fried','jf@csu.fullerton.edu'),(97,'Richard','Stallman','rs@csu.fullerton.edu'),(98,'Rasmus','Lerdorf','rl@csu.fullerton.edu'),(99,'Bjarne','Stroustrup','bs@csu.fullerton.edu'),(100,'Erlang','Elixir','ee@csu.fullerton.edu'),(101,'Edsger','Dijkstra','ed@csu.fullerton.edu'),(102,'Niklaus','Wirth','nw@csu.fullerton.edu'),(103,'Sophie','Wilson','sw@csu.fullerton.edu'),(104,'Michael','Widenius','mw@csu.fullerton.edu'),(105,'Carl','Sassenrath','cs@csu.fullerton.edu'),(106,'Jason','Fried','jf@csu.fullerton.edu'),(107,'Richard','Stallman','rs@csu.fullerton.edu'),(108,'Rasmus','Lerdorf','rl@csu.fullerton.edu'),(109,'Bjarne','Stroustrup','bs@csu.fullerton.edu'),(110,'Erlang','Elixir','ee@csu.fullerton.edu'),(111,'Edsger','Dijkstra','ed@csu.fullerton.edu'),(112,'Niklaus','Wirth','nw@csu.fullerton.edu'),(113,'Sophie','Wilson','sw@csu.fullerton.edu'),(114,'Michael','Widenius','mw@csu.fullerton.edu'),(115,'Carl','Sassenrath','cs@csu.fullerton.edu'),(116,'Jason','Fried','jf@csu.fullerton.edu'),(117,'Richard','Stallman','rs@csu.fullerton.edu'),(118,'Rasmus','Lerdorf','rl@csu.fullerton.edu'),(119,'Bjarne','Stroustrup','bs@csu.fullerton.edu'),(120,'Erlang','Elixir','ee@csu.fullerton.edu'),(121,'Edsger','Dijkstra','ed@csu.fullerton.edu'),(122,'Niklaus','Wirth','nw@csu.fullerton.edu'),(123,'Sophie','Wilson','sw@csu.fullerton.edu'),(124,'Michael','Widenius','mw@csu.fullerton.edu'),(125,'Carl','Sassenrath','cs@csu.fullerton.edu'),(126,'Jason','Fried','jf@csu.fullerton.edu'),(127,'Richard','Stallman','rs@csu.fullerton.edu'),(128,'Rasmus','Lerdorf','rl@csu.fullerton.edu'),(129,'Bjarne','Stroustrup','bs@csu.fullerton.edu');
/*!40000 ALTER TABLE `student` ENABLE KEYS */;
UNLOCK TABLES;

--
-- Table structure for table `users`
--

DROP TABLE IF EXISTS `users`;
/*!40101 SET @saved_cs_client     = @@character_set_client */;
/*!40101 SET character_set_client = utf8 */;
CREATE TABLE `users` (
  `user_id` int(11) NOT NULL AUTO_INCREMENT,
  `username` varchar(30) NOT NULL,
  `password` varchar(50) NOT NULL,
  `role` varchar(10) DEFAULT NULL,
  `membership_id` int(11) NOT NULL,
  PRIMARY KEY (`user_id`),
  KEY `membership_id` (`membership_id`),
  CONSTRAINT `users_ibfk_1` FOREIGN KEY (`membership_id`) REFERENCES `membership` (`id`)
) ENGINE=InnoDB AUTO_INCREMENT=22 DEFAULT CHARSET=latin1;
/*!40101 SET character_set_client = @saved_cs_client */;

--
-- Dumping data for table `users`
--

LOCK TABLES `users` WRITE;
/*!40000 ALTER TABLE `users` DISABLE KEYS */;
INSERT INTO `users` VALUES (1,'smith','smith','faculty',1),(2,'admin','admin','admin',4),(3,'john','john','faculty',2),(7,'dbein','dbein','faculty',3),(17,'xyz','xyz','faculty',15),(18,'fw','fw','faculty',16),(19,'test','test','faculty',17),(20,'ted','ted','faculty',18),(21,'frank','frank','faculty',19);
/*!40000 ALTER TABLE `users` ENABLE KEYS */;
UNLOCK TABLES;
/*!40103 SET TIME_ZONE=@OLD_TIME_ZONE */;

/*!40101 SET SQL_MODE=@OLD_SQL_MODE */;
/*!40014 SET FOREIGN_KEY_CHECKS=@OLD_FOREIGN_KEY_CHECKS */;
/*!40014 SET UNIQUE_CHECKS=@OLD_UNIQUE_CHECKS */;
/*!40101 SET CHARACTER_SET_CLIENT=@OLD_CHARACTER_SET_CLIENT */;
/*!40101 SET CHARACTER_SET_RESULTS=@OLD_CHARACTER_SET_RESULTS */;
/*!40101 SET COLLATION_CONNECTION=@OLD_COLLATION_CONNECTION */;
/*!40111 SET SQL_NOTES=@OLD_SQL_NOTES */;

-- Dump completed on 2017-04-30  0:01:32
